Cri20S-2,AGCGATAG-GTTTCGGA
Cri12S-12,CATTGACC-AGGCGAAG
Cri14S-13,ATCACGAC-GTGGCCTT
Cri19N-3,CTGAAGCT-GTACTGAC
Cri9S-1,ATGTCAGA-GGCTCTGA
Cri11S-10,GAATTCGT-TAAGTTCC
Cri14N-1,CGAGGCTG-TGCTAAGT
Cri15N-1,GAGATTCC-CTAGAACA
Cri11S-6,AGGGTCAA-CCGTCCCG
Cri18S-11,TAGGCATG-GTACTGAC
Cri16S-19,TAAGGCGA-GTTTCGGA
Cri13S-31,GAATTCGT-CTAATCGA
Cri19N-1,GCTTTAAC-TGTTCTCT
Cri9S-2,TATCGTCG-GGCTCTGA
Cri4S-2,CGAGGCTG-GAGTGGAT
Cri18S-13,ACAAACGG-GTTTCGGA
Cri15S-18,AGCGATAG-TGCTAAGT
Cri18S-14,TAGGCATG-GTTTCGGA
Cri20S-29,AGCGATAG-GAGATTCC
Cri17N-1,CTGAAGCT-AGCTGAAC
Cri14S-7,CGCTCATT-CGTACGTA
Cri17S+1,TAAGGCGA-AGGCGAAG
Cri14S-11,ACAAACGG-CGTACGTA
Cri18N-3,TGTGACCA-TGTTCTCT
Cri12S-16,CACCACAC-TAAGACAC
Cri18S+4,ATGTCAGA-GTGGCCTT
Cri15N-31,TCCGCGAA-CTAGAACA
Cri18S-8,TGTGACCA-GTACTGAC
Cri18S-1,TAAGGCGA-GTACTGAC
Cri16S-21,TCCTGAGC-GTTTCGGA
Cri3N-1,ACCCAGCA-CGTACGTA
Cri11S-12,CTGAAGCT-TAAGTTCC
Cri13S-13,GCTACGCT-GTGAAACG
Cri5S-2,TCCTGAGC-ATTCCTTT
Cri11S-13,CGGCTATG-TAAGTTCC
Cri12S-27,TAAGGCGA-CGTACGTA
Cri16S-12,TCCTGAGC-GTGAAACG
Cri12S-21,CATTGACC-CCGTCCCG
Cri12S-3,GAATTCGT-GTCCGCAC
Cri14S-21,ACCCAGCA-CTAGAACA
Cri12S-24,AGGGTCAA-TAAGACAC
Cri20S+1,TCCGCGAA-TAGGCATG
Cri18S-20,GCTACGCT-GTTTCGGA
Cri16S-18,AGCGATAG-ATAGAGGC
Cri14S-10,GTAGAGGA-TGCTAAGT
Cri20S-2,ACCCAGCA-GAGATTCC
Cri15S-3,CGCTCATT-ATTCCTTT
Cri13S-12,TAGGCATG-GTGAAACG
Cri5S-1,TAAGGCGA-ATTCCTTT
Cri13S-4,ATGTCAGA-CTAATCGA
Cri13S-20,ACAGTGGT-CTAATCGA
Cri12S-4,TCCGCGAA-TAAGACAC
Cri14S-15,GAAACCCA-CGTACGTA
Cri18S-6,CGCTCATT-GTTTCGGA
Cri20N-1,CACCACAC-TAGGCATG
Cri7N-1,TATCGTCG-ATTCCTTT
Cri4S-3,ACCCAGCA-GAGTGGAT
Cri13S-21,CGCTCATT-CTAATCGA
Cri20S-3,CGAGGCTG-TAAGACAC
Cri15S-17,ATCACGAC-ATTCCTTT
Cri20S-36,ATGTCAGA-GAGATTCC
Cri11S-4,GTAGAGGA-CCGTCCCG
Cri15S-20,CTTCGTTC-CCGTCCCG
Cri19S-1,TCCTGAGC-TAAGACAC
Cri12N-1,AGGGTCAA-CTAAGCCT
Cri15S-21,ACAGTGGT-ATTCCTTT
Cri16S-16,GAGATTCC-GTGAAACG
Cri20S-10,AGCGATAG-TAGGCATG
Cri18S-21,GTAGAGGA-GTTTCGGA
Cri16S-14,TAAGGCGA-TGTTCTCT
Cri20S-19,ACAAACGG-GAGATTCC
Cri17N-3,GAATTCGT-GGCTCTGA
Cri11S-2,ATCACGAC-CCGTCCCG
Cri20S-27,TGTGACCA-GAGATTCC
Cri12S-30,CGGCTATG-GTCCGCAC
Cri20N-3,GAAACCCA-TAGGCATG
Cri12S-9,GAGATTCC-CTAAGCCT
Cri18N-2,GAATTCGT-CAGGACGT
Cri11S-1,CATTGACC-CTAGAACA
Cri16S+4,GTAGAGGA-ATAGAGGC
Cri7N-2,GCTACGCT-ATAGAGGC
Cri12S-8,AGCGATAG-TAAGACAC
Cri9S-3,ATCACGAC-AGGCGAAG
Cri7S-3,ACCCAGCA-ATAGAGGC
Cri12S-7,TAAGGCGA-GTGAAACG
Cri16S-13,GTAGAGGA-GTGAAACG
Cri18S-23,AGGGTCAA-GTTTCGGA
Cri5N-2,ATGTCAGA-GAGTGGAT
Cri9N-1,CGAGGCTG-GGCTCTGA
Cri6S-1,AGGGTCAA-ATTCCTTT
Cri18S-12,GTAGAGGA-GTACTGAC
Cri8S-3,CTGAAGCT-CCTATCCT
Cri14S-19,AGGGTCAA-CGTACGTA
Cri18S-7,ACAAACGG-GTACTGAC
Cri13S-24,AGGGTCAA-GTGAAACG
Cri20S-24,CACCACAC-GAGATTCC
Cri16S-9,TATCGTCG-GTGAAACG
Cri19N-5,TCCGCGAA-GTACTGAC
Cri2S-2,TCCTGAGC-CGTACGTA
Cri11S-18,CACCACAC-AGTTCCGT
Cri18S+2,TGCTAAGT-GTGGCCTT
Cri19S+1,ACAGTGGT-TAGGCATG
Cri18S+3,AGGGTCAA-TGTTCTCT
Cri18N-4,CTGAAGCT-GTGGCCTT
Cri17S+3,ACCCAGCA-TGTTCTCT
Cri14S-4,TGTGACCA-TGCTAAGT
Cri20S-33,GTAGAGGA-TAAGACAC
Cri15S-19,GTAGAGGA-ATTCCTTT
Cri11S-19,CGGCTATG-AGTTCCGT
Cri19S+2,ACCCAGCA-TAGGCATG
Cri13S-10,TATCGTCG-TAAGACAC
Cri17S+2,CGAGGCTG-AGGCGAAG
Cri14S-2,ACCCAGCA-TGCTAAGT
Cri13S-9,CATTGACC-CTAAGCCT
Cri11N-1,TATCGTCG-CTAGAACA
Cri14S-1,TAGGCATG-CGTACGTA
Cri12S-22,CGAGGCTG-GTCCGCAC
Cri20S-13,ACAGTGGT-GAGATTCC
Cri12S-6,CATTGACC-GTCCGCAC
Cri13S-1,ATCACGAC-GTGAAACG
Cri15S-8,CGAGGCTG-ATAGAGGC
Cri15S-7,CTTCGTTC-TGCTAAGT
Cri12S-31,CTTCGTTC-GTCCGCAC
Cri15S-22,ACCCAGCA-ATTCCTTT
Cri10S-2,AGCGATAG-CTAGAACA
Cri18S-18,GAAACCCA-GTTTCGGA
Cri20S-17,GAGATTCC-GTTTCGGA
Cri12S-10,GCTTTAAC-CCGTCCCG
Cri15S-12,CGCTCATT-GAGTGGAT
Cri15S-10,TATCGTCG-CGTACGTA
Cri13S-6,ATCACGAC-CTAGAACA
Cri19N-2,GAGATTCC-GTACTGAC
Cri14S-18,TGTGACCA-CGTACGTA
Cri10S-3,GCTTTAAC-CTAGAACA
Cri17N-2,CACCACAC-GGCTCTGA
Cri11S-7,CTGAAGCT-CCGTCCCG
Cri11S-8,TCCGCGAA-CCGTCCCG
Cri18S+5,CGGCTATG-CAGGACGT
Cri13S-8,TCCTGAGC-CTAGAACA
Cri11S-5,ACAGTGGT-CCGTCCCG
Cri20S-35,CTTCGTTC-GTTTCGGA
Cri14S-9,GAAACCCA-CTAGAACA
Cri12S-15,GCTTTAAC-GTTTCGGA
Cri11S-3,TAGGCATG-CCGTCCCG
Cri13S-2,ACAAACGG-GTGAAACG
Cri15S-1,AGCGATAG-CGTACGTA
Cri14S-20,GCTACGCT-CTAGAACA
Cri8S-5,ACAAACGG-TAAGACAC
Cri15S-4,AGCGATAG-ATTCCTTT
Cri6S-3,ACAGTGGT-TAAGACAC
Cri15S-14,CGAGGCTG-AGTTCCGT
Cri12S-2,TATCGTCG-CCGTCCCG
Cri13S-5,CTTCGTTC-GTGAAACG
CriSD,TAAGGCGA-GCCCGGAG
Cri8S-4,TAGGCATG-AGCTGAAC
Cri11S-15,CTGAAGCT-TAGACCTA
Cri12S-5,GCTTTAAC-GTCCGCAC
Cri15S-13,AGGGTCAA-TGCTAAGT
Cri20S-11,CGAGGCTG-GAGATTCC
Cri18S-16,CTGAAGCT-TGTTCTCT
Cri12S-14,ACCCAGCA-TAAGACAC
Cri16N-3,TATCGTCG-TGCTAAGT
Cri15S-16,CGGCTATG-ATGTCAGA
Cri15S-5,CATTGACC-ATTCCTTT
Cri18S-9,CTTCGTTC-TGTTCTCT
Cri12S-17,TGTGACCA-TAAGACAC
Cri12S-13,TGCTAAGT-TAATCTTA
Cri20S-14,GCTACGCT-TAAGACAC
Cri13S-22,ACCCAGCA-GTGAAACG
Cri20S-6,CTTCGTTC-GAGATTCC
Cri8S-1,AGGGTCAA-ATAGAGGC
Cri1N-2,TCCGCGAA-GTTTCGGA
Cri16S-22,GCTTTAAC-GTGAAACG
Cri12S-28,CACCACAC-GTCCGCAC
Cri16S-8,TATCGTCG-ATAGAGGC
Cri12S-11,TATCGTCG-AGGCGAAG
Cri8S-2,CTTCGTTC-ATAGAGGC
Cri13S-16,TATCGTCG-CTAAGCCT
Cri16S-15,CACCACAC-ATAGAGGC
Cri14N-2,ATCACGAC-CGTACGTA
,ATCACGAC-CGTACGTA
